{
	"vertices": [
	4.337,0.22,0.9, 
	4.337,0.22,2.35, 
	4.337,0.0,2.35, 
	4.337,0.0,0.769999999999999, 
	4.337,0.22,0.769999999999999, 
	3.574,0.0,2.35, 
	3.574,0.0,0.769999999999999, 
	3.29,0.8,0.0, 
	3.39,0.8,0.0, 
	3.39,0.8,2.81, 
	3.29,0.8,2.81, 
	3.39,0.22,0.0, 
	3.39,0.22,2.81, 
	2.59,0.22,0.77, 
	0.42,0.22,0.77, 
	0.416832364681741,0.22,0.0, 
	2.59,0.22,0.0, 
	4.39,3.09,0.0, 
	4.01,3.09,0.0, 
	3.39,3.09,0.0, 
	3.29,3.09,0.0, 
	3.29,4.03,0.0, 
	3.29,4.53,0.0, 
	4.39,4.53,0.0, 
	4.39,4.23,0.0, 
	4.54,4.23,0.0, 
	4.54,3.53,0.0, 
	4.39,3.53,0.0, 
	3.29,4.53,2.81, 
	4.39,4.53,2.81, 
	4.39,3.53,2.81, 
	4.39,3.09,2.81, 
	4.39,4.23,2.81, 
	3.39,3.09,2.81, 
	3.29,3.09,2.81, 
	4.59,3.01563235625968,2.81, 
	4.01,3.01563235625968,2.81, 
	3.39,3.01563235625968,2.81, 
	3.39,2.1,2.81, 
	4.59,2.1,2.81, 
	3.29,1.5,0.0, 
	3.29,1.5,2.81, 
	3.39,1.5,2.81, 
	4.64,1.5,2.81, 
	4.64,1.5,0.9, 
	4.04,1.5,0.9, 
	4.04,1.5,0.0, 
	3.39,1.5,0.0, 
	4.04,0.22,0.0, 
	3.29,0.22,0.0, 
	3.29,0.22,2.81, 
	4.64,0.22,2.81, 
	4.04,0.22,0.769999999999999, 
	3.619,0.22,0.77, 
	3.574,0.22,0.769999999999999, 
	3.574,0.22,2.35, 
	4.64,0.22,0.9, 
	2.59,0.0,0.77, 
	2.59,0.0,2.35, 
	0.42,0.0,2.35, 
	0.42,0.0,0.77, 
	4.54,4.23,2.81, 
	4.54,3.53,2.81, 
	4.01,3.09,2.81, 
	4.59,2.1,0.0, 
	4.59,3.01563235625968,0.0, 
	3.39,2.1,0.0, 
	4.01,3.01563235625968,0.0, 
	3.39,3.01563235625968,0.0, 
	1.40998324127395e-18,4.03,-1.08286712929839e-15, 
	1.40998324127395e-18,4.03,2.81, 
	3.29,4.03,2.81, 
	2.59,0.22,2.35, 
	0.42,0.22,2.35, 
	1.40998324127395e-18,0.22,0.0, 
	0.42,0.22,2.81, 
	1.40998324127395e-18,0.22,2.81, 
	2.59,0.22,2.81, 
	2.39,0.34,0.98, 
	2.39,1.09,0.98, 
	0.889999999999999,1.09,0.98, 
	0.889999999999999,0.34,0.98, 
	2.39,1.09,0.93, 
	0.889999999999999,1.09,0.93, 
	0.889999999999999,0.34,0.93, 
	2.39,0.34,0.93, 
	4.04,0.22,0.9 
	],
	"indices": [
	4, 2, 3,
	2, 4, 1,
	1, 4, 0,
	2, 6, 3,
	6, 2, 5,
	9, 7, 8,
	7, 9, 10,
	9, 11, 12,
	11, 9, 8,
	13, 15, 16,
	15, 13, 14,
	25, 27, 24,
	27, 25, 26,
	23, 21, 22,
	21, 23, 20,
	20, 23, 19,
	19, 23, 18,
	18, 23, 17,
	17, 23, 24,
	17, 24, 27,
	28, 23, 22,
	23, 28, 29,
	27, 31, 17,
	31, 27, 30,
	23, 32, 24,
	32, 23, 29,
	33, 20, 19,
	20, 33, 34,
	39, 37, 38,
	37, 39, 36,
	36, 39, 35,
	41, 47, 40,
	47, 41, 46,
	46, 41, 45,
	45, 41, 44,
	44, 41, 43,
	43, 41, 42,
	46, 8, 47,
	8, 46, 11,
	11, 46, 48,
	7, 50, 49,
	50, 7, 10,
	53, 54, 52,
	51, 0, 56,
	0, 51, 1,
	1, 51, 55,
	52, 11, 48,
	11, 52, 54,
	11, 54, 12,
	12, 54, 55,
	12, 55, 51,
	44, 51, 56,
	51, 44, 43,
	58, 60, 57,
	60, 58, 59,
	25, 62, 26,
	62, 25, 61,
	32, 25, 24,
	25, 32, 61,
	62, 27, 26,
	27, 62, 30,
	31, 18, 17,
	18, 31, 63,
	65, 39, 64,
	39, 65, 35,
	39, 66, 64,
	66, 39, 38,
	18, 36, 67,
	36, 18, 63,
	36, 65, 67,
	65, 36, 35,
	18, 68, 19,
	68, 18, 67,
	67, 66, 68,
	66, 67, 64,
	64, 67, 65,
	47, 7, 40,
	7, 47, 8,
	9, 41, 10,
	41, 9, 42,
	70, 21, 69,
	21, 70, 71,
	13, 58, 57,
	58, 13, 72,
	58, 73, 59,
	73, 58, 72,
	73, 60, 59,
	60, 73, 14,
	13, 60, 14,
	60, 13, 57,
	51, 9, 12,
	9, 51, 42,
	42, 51, 43,
	21, 74, 69,
	74, 21, 15,
	15, 21, 16,
	16, 21, 49,
	49, 21, 20,
	49, 20, 40,
	49, 40, 7,
	14, 74, 15,
	74, 14, 76,
	76, 14, 73,
	76, 73, 75,
	62, 32, 30,
	32, 62, 61,
	33, 71, 34,
	71, 33, 28,
	28, 33, 29,
	29, 33, 63,
	29, 63, 31,
	29, 31, 30,
	29, 30, 32,
	36, 33, 37,
	33, 36, 63,
	75, 70, 76,
	70, 75, 71,
	71, 75, 77,
	71, 77, 50,
	71, 50, 10,
	71, 10, 41,
	71, 41, 34,
	78, 80, 81,
	80, 78, 79,
	80, 82, 83,
	82, 80, 79,
	80, 84, 81,
	84, 80, 83,
	82, 84, 83,
	84, 82, 85,
	82, 78, 85,
	78, 82, 79,
	78, 84, 85,
	84, 78, 81,
	37, 66, 38,
	66, 37, 68,
	68, 37, 33,
	68, 33, 19,
	20, 41, 40,
	41, 20, 34,
	70, 74, 76,
	74, 70, 69,
	46, 52, 48,
	52, 46, 86,
	86, 46, 45,
	28, 21, 71,
	21, 28, 22,
	50, 16, 49,
	16, 50, 13,
	13, 50, 72,
	72, 50, 77,
	77, 73, 72,
	73, 77, 75,
	53, 6, 54,
	6, 53, 3,
	3, 53, 52,
	3, 52, 4,
	55, 6, 5,
	6, 55, 54,
	2, 55, 5,
	55, 2, 1,
	44, 86, 45,
	86, 44, 0,
	0, 44, 56,
	86, 4, 52,
	4, 86, 0
	],
	"layers_of_triangles": [
	"Layer0",
	"Layer0",
	"Layer0",
	"window",
	"window",
	"Layer0",
	"Layer0",
	"Layer0",
	"Layer0",
	"Layer0",
	"Layer0",
	"floor",
	"floor",
	"floor",
	"floor",
	"floor",
	"floor",
	"floor",
	"floor",
	"floor",
	"Layer0",
	"Layer0",
	"Layer0",
	"Layer0",
	"Layer0",
	"Layer0",
	"Layer0",
	"Layer0",
	"ceiling",
	"ceiling",
	"ceiling",
	"Layer0",
	"Layer0",
	"Layer0",
	"Layer0",
	"Layer0",
	"Layer0",
	"floor",
	"floor",
	"floor",
	"Layer0",
	"Layer0",
	"Layer0",
	"Layer0",
	"Layer0",
	"Layer0",
	"Layer0",
	"Layer0",
	"Layer0",
	"Layer0",
	"Layer0",
	"Layer0",
	"Layer0",
	"window",
	"window",
	"Layer0",
	"Layer0",
	"Layer0",
	"Layer0",
	"Layer0",
	"Layer0",
	"Layer0",
	"Layer0",
	"Layer0",
	"Layer0",
	"Layer0",
	"Layer0",
	"Layer0",
	"Layer0",
	"Layer0",
	"Layer0",
	"floor",
	"floor",
	"floor",
	"floor",
	"floor",
	"floor",
	"floor",
	"ceiling",
	"ceiling",
	"Layer0",
	"Layer0",
	"Layer0",
	"Layer0",
	"Layer0",
	"Layer0",
	"Layer0",
	"Layer0",
	"Layer0",
	"Layer0",
	"ceiling",
	"ceiling",
	"ceiling",
	"floor",
	"floor",
	"floor",
	"floor",
	"floor",
	"floor",
	"floor",
	"Layer0",
	"Layer0",
	"Layer0",
	"Layer0",
	"ceiling",
	"ceiling",
	"ceiling",
	"ceiling",
	"ceiling",
	"ceiling",
	"ceiling",
	"ceiling",
	"ceiling",
	"ceiling",
	"ceiling",
	"ceiling",
	"ceiling",
	"ceiling",
	"ceiling",
	"ceiling",
	"ceiling",
	"ceiling",
	"table",
	"table",
	"table",
	"table",
	"table",
	"table",
	"table",
	"table",
	"table",
	"table",
	"table",
	"table",
	"Layer0",
	"Layer0",
	"Layer0",
	"Layer0",
	"Layer0",
	"Layer0",
	"Layer0",
	"Layer0",
	"Layer0",
	"Layer0",
	"Layer0",
	"Layer0",
	"Layer0",
	"Layer0",
	"Layer0",
	"Layer0",
	"Layer0",
	"Layer0",
	"Layer0",
	"Layer0",
	"Layer0",
	"Layer0",
	"Layer0",
	"Layer0",
	"Layer0",
	"Layer0",
	"Layer0",
	"Layer0",
	"Layer0",
	"Layer0",
	"Layer0",
	"Layer0"
	],
	"layer_names": [
	"Layer0",
	"window",
	"floor",
	"ceiling",
	"table"
	]
}
